,mi_grupo,ERC,PNV,PP,PSOE,UP,Vox
aplausos,0.13642156070171874,0.007932962663209737,0.00041599279750766365,0.00923705947560707,0.008001180781427858,0.00975533698623521,0.007852813232750987
vox,0.10512061382738791,0.000996787772067103,0.0005866873350914545,0.0009997355556157625,0.0015589679428446742,0.0013095257207263599,0.009515753393433525
españoles,0.09633786567524272,0.00012059420520795087,7.244326028780826e-05,0.004065793024839425,0.0011162610574705996,0.0005396026922634929,0.004919241264889898
pie,0.08657254932761838,0.0005766983630232591,6.502178452482496e-05,0.0008157081886298852,0.0008560421988639937,0.00042539628258608195,0.007341303030390364
puestos,0.0747446104997036,0.0007716710303996729,9.39787919827197e-05,0.0008148428310896143,0.0008317380210392518,0.0005452514437696755,0.007048829222026748
sánchez,0.07291096277459053,0.00037940167059186683,0.00012351607547032603,0.0040135989327493285,0.0005332815854355812,9.883200375787073e-05,0.0017787612389156718
señoras,0.06755174442699508,0.0008725859270525636,0.00034949253753656183,0.0009624868031283443,0.0009972684684090166,0.0005665594058751691,0.006980071776647952
señoría,0.05948593278501724,0.00011516739756309446,0.00012559420031813863,0.0014808082498190068,0.004122867695213235,0.004112478751103625,0.0005973121531816363
señores,0.056889517771173015,0.0011742930897121419,0.00037526963311852117,0.0021955996741374545,0.0014515073659870645,0.0010957267780304088,0.006874650685277742
país,0.051060092535148094,0.0014356330048470286,0.0006437528434724325,0.0022368287892478,0.003270260515574663,0.003787856407055624,0.0008587482888933197
parlamentario,0.04731708397696055,0.0012153786184035725,0.0012005275089886764,0.0014419544523637956,0.0022836137559142235,0.0012979143896456715,0.0062905244193777335
diputados,0.046599857901990394,0.0015746852164603775,0.0004034068812019917,0.0017456509046821732,0.0013956364227483535,0.0010172596322394322,0.0068266352401906375
españa,0.045454066043175256,0.0010611330939739236,0.0006406750372537762,0.003896894732030312,0.0035760589519737472,0.0026682977914085906,0.005179775273294072
derecha,0.04450252842900548,0.001853424041830572,8.247168810455785e-05,0.0001083329305765246,0.0009984672859443134,0.0013694031058468176,0.0002029415044605829
usted,0.042539914372030196,0.002471646439407629,0.0023158672621707015,0.00922381191292692,0.005483188538659576,0.002995304493221115,0.005510999009658525
presidenta,0.04151376890151415,0.005203247290365525,0.005398795435370237,0.006571751643221694,0.0053290111541968435,0.0033824316472497004,0.004172651831207982
euskadi,0.037931015804367085,8.303081144121973e-05,0.00183499798357325,0.00022922259001262346,0.00015801582897758583,0.00015251751154019287,1.3324115901378852e-05
gobierno,0.03742834702421538,0.003290097181440276,0.002838916371770723,0.00584802987279676,0.005862649879091261,0.0033978418339599232,0.004533023475941489
muchas,0.037286072224036904,0.007809321879310075,0.005871838812991467,0.0067892108737298085,0.005265961474575461,0.004935122528887064,0.0035377835022263075
gràcies,0.03680890853157681,0.0024734058571763097,0.0,0.0,4.27403975815804e-05,0.000363388677643043,1.7619045968005052e-06
ciudadanía,0.03679138546865479,0.0007865241844644745,0.0009391636269262763,9.105928152698075e-05,0.0009062348893382842,0.0009153736070911956,9.088385397709224e-05
on,0.03497540716793468,2.9595362712906487e-05,0.0009570953983482009,0.0,8.348122287121223e-05,6.50300548235014e-06,0.0
venia,0.03358137096020908,0.0,1.3833906048180853e-05,0.0002090210762725903,0.0,9.392079030599369e-07,0.0018651442182243184
gracias,0.03241065838427026,0.010199887058610007,0.008049239545010082,0.008833695124424166,0.007119918762370653,0.00897651175130093,0.006571834964388177
señora,0.03210163458444626,0.0034961792614676326,0.0033060236072195797,0.00734220731586595,0.005868014568274029,0.003068421622942879,0.005941615004028497
popular,0.03194231983403162,0.0007253582284857907,0.0007828448011207107,0.0033656001271930016,0.0029512932904197935,0.0027607117622897737,0.0012572380971015186
expediente,0.031929029860211955,5.7800569086311904e-05,0.00018139734568675434,8.794072760981206e-05,0.0013124526498693176,0.0006702403136326688,0.00015212085187584553
separatistas,0.03118964956268222,2.2764959683721225e-05,0.00011150829143819682,0.00018058048699266617,1.7493200937046922e-05,7.555499826135497e-06,0.000636044771323842
bona,0.030805200404848243,0.0007259430582804565,0.0,6.0843982833508846e-05,5.696463330285179e-06,9.106964115527926e-05,8.381539866527976e-07
grupo,0.030632155272722006,0.001694965867851121,0.002580859012810885,0.002234580997250081,0.002564568237334098,0.0017040935450433,0.006085412024046582
trabajadoras,0.03037114836072563,0.000700789194955906,9.583316577388681e-05,0.00010274012652737742,0.0002820148387869702,0.0012018744813065184,5.506757150130317e-05
creemos,0.030036062395260466,0.0009772968902617989,0.0017777149921307809,0.00038148386383124883,0.0002832076158094073,0.000754674939997312,0.0002583589575488074
conjunto,0.0298410911610123,0.0001753764050931343,0.0002994836619149883,0.00020912550233141879,0.0011967756408391406,0.0005344060463064681,0.0001666204979569891
180,0.029145149868713194,5.2451884527012124e-05,5.172524385330788e-05,6.018757720148582e-05,0.0012130789168389132,0.0006140544938325079,9.08062172641807e-05
tiempo,0.028970695839556804,0.0010081183197408168,0.0015639787753622513,0.0009533282763201011,0.0009546883325967048,0.0016708557918986774,0.0009348116626400254
ministra,0.02886687042395364,0.0014867783413264216,0.001853167338622519,0.0038913422551771068,0.0009496337576617924,0.0008215260898959672,0.003311497315505508
respecto,0.028597858427164002,0.0005350947239802372,0.0013983317570035762,0.00036110682251753735,0.00075951381747628,0.0006889466166410391,0.0005035274268668721
ámbito,0.02774356273112577,0.00046154522042262286,0.0017085080987716825,0.00022562081888967907,0.0005342656664256468,0.00042632674633844014,0.0002309368304384425
comunidades,0.02722043555025877,0.0008434737578696166,0.0020861832103704634,0.000795113744753054,0.0011608130144970966,0.0006229700723320928,0.00046474488562264256
relación,0.027217458531399785,0.0002978674264454046,0.0011193302313178223,0.000779594693036819,0.0005655236013189477,0.00028869329698435656,0.0012598997498493674
partido,0.027054103538899366,0.001274310548579874,0.0009520114271587739,0.0038120065447860493,0.003611168921952789,0.003183262265773594,0.002500662259168077
vasco,0.026931210296767816,7.980510052298219e-05,0.00251677361183805,0.00028345309207040444,0.00035521428457435596,0.00022193081065538596,0.0005987321417564708
dicho,0.02671965372616425,0.0012199373961693934,0.0021310225241377226,0.0009058514835523061,0.0013493485480511002,0.0011837256501216636,0.0018311593492407292
gente,0.026688574961264866,0.0031965137052023876,0.000342859525517063,0.0006042811005131369,0.0008809307552468673,0.0017193393707867109,0.0004656593142109359
socialistas,0.02652246413753634,6.010818165098735e-05,5.901910080316318e-06,0.00045065355871038863,0.0007800985202132744,4.109064895036419e-05,0.00048393396044775386
importante,0.026273645703467352,0.0010814513425232751,0.0008981481635999454,0.0005170534224911771,0.0012269083704876751,0.000958777658550498,0.00028447476759948734
señorías,0.026184359245437605,0.0013250362701997186,0.0014466747741476824,0.0027470781715689626,0.0046918268030464085,0.0028771529306253294,0.0025466757488551046
creo,0.026133559821860164,0.0010861846518832958,0.0023589773874445794,0.0005173783585079989,0.002122568567413408,0.0020780376128297275,0.0006790540903926136
ruina,0.02560053813204144,1.22138512630963e-05,4.7535792911459315e-05,0.0002788663410903927,5.683178405424893e-05,2.9964535534532908e-05,0.0007287069924252582
esquerra,0.025464213521036783,0.002433425578083101,0.0001327927860358362,0.0006037777500362323,0.000248492514327808,0.000446544883713656,0.00029587189944596764
luego,0.02525933136453773,0.000416576538399359,0.002171314200442395,0.0007626835693879428,0.0008453586133265436,0.000676739344256136,0.0008066845747781382
socialista,0.025041158962481713,0.0007068882485863956,0.0004597120650207353,0.0019333394935363432,0.0018516585599144659,0.00035476075376382677,0.0014029819614715666
diputats,0.024998051923827536,0.0006869778350752257,0.0,0.0,1.1037001036235623e-06,0.0,0.0
modelo,0.024887707315389473,0.001229499361256606,0.000796880864198422,0.0004215205213342522,0.0005875394968672365,0.0008951415880829797,0.0004284095363610401
comunistas,0.024856498765586377,4.7276816617602234e-05,8.349051459978496e-06,0.0001883713944392311,2.6545190534300113e-05,7.60410032363085e-05,0.0004930956286963314
evidentemente,0.024227676095847528,0.0008416185252044053,0.0005794682349331875,0.0002582198316664424,0.0010546718863042304,0.0002621958704270856,0.00011611707695762835
pedro,0.024161989679796214,0.00012083638294465946,1.3358364990566565e-05,0.0008306886227672978,0.00044093929250622665,6.449296576494185e-05,0.0006096486706964202
cuanto,0.023973924895853482,0.0003851532782969793,0.0015950704498159025,0.0004290575831882034,0.0004208130783468563,0.0005328814285940515,0.0007226530670163639
asunto,0.023966110749707337,9.43412514360315e-05,0.0006854367101343007,0.00029805868928986723,0.00018813623791660337,0.00019353885072263333,0.00014685763629108527
republicana,0.023586616431148233,0.0023671053202101305,9.7233817686732e-05,0.0003816739472558271,0.0001149674680226702,0.00044271302376553085,0.00030203726169759676
diputades,0.023376094665724878,0.0006816543677374403,0.0,0.0,0.0,0.0,0.0
catalunya,0.023295639550915848,0.001400939757164108,3.604068386305619e-05,0.00012765711332194646,0.00018884939538152846,0.00012783704391549632,5.557638686726186e-05
compromiso,0.023082734161350427,0.00031069859804581533,0.00034944150030066237,0.00045446904248075485,0.0009602780682414294,0.0005274260036904851,0.00018600010712289608
derechos,0.022858046888730055,0.002215360460600719,0.0011202794369459348,0.0007649149481111425,0.0012431386389854737,0.002575231309173646,0.0008035806679199844
risas,0.0228136181048626,0.0019253351156526138,0.0001311580621086615,0.000759004408844811,0.0009320618973273924,0.0007079187995556757,0.0009582960330466579
español,0.02238861632723399,0.002480306916869878,0.0005486697861705655,0.0007976230491508902,0.00037809279083446796,0.0004856281544868152,0.0010669587246185375
necesarias,0.022205702213699663,0.0002678242330514393,0.00024406932648956097,0.00023193078923804206,0.00020919204652527986,0.00042078715817506896,0.0001897389799612023
generalitat,0.022008581927766446,0.000984056662664766,6.0479597554463615e-05,0.00024128079325087638,0.00021669815109699034,5.875700330462758e-05,4.8031538609902414e-05
ello,0.021993499796137517,0.001245888880732549,0.002159556331566786,0.0007209332162937216,0.0007878866084322739,0.0009987907263389174,0.0008168960488548901
rumores,0.02146797039302628,0.0034862553564161997,0.0015091830360166186,0.0027678316228279716,0.004942486688085323,0.005941584458658361,0.003411228080505498
coordinación,0.021382494233896487,0.00015346328593398735,0.0003936178759662554,0.0002705830052075425,0.00021221162947141135,0.00012782972337652238,6.018804511228452e-05
navarra,0.021293221126255535,7.814934294308215e-06,0.0006535526451589142,0.00019139130338132715,0.000276740301704362,7.93807188719888e-05,0.00024273665045403264
respete,0.02123709755392733,0.00019809341992773935,1.990304360599791e-05,0.00021953046273657305,3.516475012780944e-05,7.948348358057552e-05,8.494995872400707e-05
española,0.021080807228145648,0.0007968953038919764,0.0002682109869794961,0.0012074985029560125,0.001052383920710596,0.0007922244388774829,0.0009989672614903282
golpistas,0.020924635861988783,0.00016101144614371656,3.029491129533783e-05,0.00019511141127853077,2.670501338138993e-05,4.2378810366856226e-05,0.0004970095210363259
iglesias,0.020801352747051638,9.861410983007714e-05,1.861027657490727e-05,0.0015513931121461143,9.224847392821551e-05,0.00016397668627918707,0.0007843287776404662
derechas,0.02072730359207675,0.00033322802695224195,6.921567255520411e-05,1.4717687157510507e-05,0.0002162873409407106,0.0008123720565519052,0.00013683574059927914
ser,0.020719913099987775,0.0021802708981958495,0.002448805447080957,0.0016196538880623068,0.0015359698290671735,0.0020452162964690905,0.0016392155264167614
seguirá,0.02071436218332723,6.92176726777385e-05,6.194464232036679e-05,0.0001364049851126914,0.0002635105882590736,0.00011050395504729401,4.6595156002944155e-05
últimos,0.02066225900402241,0.00038306442198343026,0.00028011633996069985,0.0005306637029767479,0.0005077165154344976,0.00041769043224295635,0.0003331691459139992
oposición,0.020602773216229497,0.00016965587916869284,0.00018176635104310865,0.0007374979659968105,0.0011226563739229732,0.0005778215090842091,0.0004435573637721933
personales,0.02060015027239448,0.00010762268489335135,0.00017404342664597642,0.0001919675713716631,0.00016037614830049604,0.0001124382178667376,0.0004893701713864009
acuerdos,0.02055753626555079,0.00025795320564145797,0.0004756645548817545,0.00029627012301123125,0.0005293280061527857,0.00037734699623532267,0.00014526141744847384
lunes,0.020290230861347958,4.941242476942028e-05,9.307998008491987e-05,9.24866990394e-05,8.177272832138397e-05,0.00010570815190252703,7.709011815017468e-05
don,0.020246170788908113,0.00011083943438721657,3.714324136398638e-05,0.00014390917272215066,0.000816047319089402,0.0007743135998146172,0.0001909474596053233
veces,0.020195246995333704,0.0011227467459824282,0.0004930118698408015,0.00043084181341313806,0.0005309680256949397,0.0006143364565060728,0.0005222588954837405
euros,0.020175249248219007,0.000988586955170988,0.00016710680700425618,0.0015674473670159812,0.0014064554987197747,0.0010605499412755948,0.0013092611849534602
fuerza,0.020159160490504924,0.0002890091925949113,0.000199252944536468,0.00023063501807777498,0.0001630523988959489,0.0003472616605631935,0.0002093559376868092
capacidad,0.020150482348321397,0.0003249713091448725,0.0006044039947530735,0.00029037954256534465,0.0004552777903903678,0.0004019890080834911,0.00028267827087233733
número,0.020147274880745414,0.00020853996833327632,0.00038561767966227274,0.00045229861115257404,0.0013291339796477908,0.0007549806445877184,0.000481068508299554
sanitarios,0.020096749147215043,0.0002675431535801412,0.0002687663737113831,0.0005992688313057671,0.0002266266348168914,0.0002858713320857721,0.000381868108944135
momento,0.020045017644019225,0.0007418663754890304,0.0015160125305161047,0.0009801881574803045,0.0010517126420601756,0.0011588078004803467,0.0007033036765686393
gustaría,0.019961168065715906,0.00039404003203361097,0.0006598858373918485,0.00026692443536366513,0.0005656396579658153,0.0003638457434569163,0.0008279330262439115
50,0.01996045697322968,0.00014339745510120279,0.00017541994395501125,0.00022632316673358287,0.00018009567379127713,0.00018820144113632867,0.0003115181907591781
comunista,0.019940002382683453,4.7822787085027813e-05,6.591283634702204e-06,0.00017788715558271303,7.935865713084801e-05,0.00019455757489114458,0.0006432813778796254
diálogo,0.019932755666904445,0.0006790577495436302,0.0005639811525008337,0.0005497641545195618,0.0008726761956057204,0.0006412219017173808,0.00024258948881870096
perte,0.01991980193945153,3.538100114628302e-05,0.0004998649185533701,0.0003346134986690466,0.00015461195899035187,7.807539476430062e-05,6.839607006660401e-05
enfoque,0.01989344697829898,9.985633299267438e-05,0.0002038761486468383,2.5491570129384628e-05,5.647745015165511e-05,6.489885332388241e-05,4.311057857999741e-05
tema,0.01985405711077526,0.0010856150012536366,0.0013235921237987607,0.0005217332258592054,0.0004003398259526791,0.0005016973060455539,0.0002926790335245424
alguna,0.019838850715657497,0.0004482604713169979,0.0008796174194594073,0.0005256536685271018,0.0005153644949469884,0.000653792409840612,0.0004056218790359755
embargo,0.019754086199790688,0.0003899506410017952,0.0008069527741577287,0.0003473108818770667,0.00020421422179183092,0.00038486534618993156,0.0005312427102242613
formula,0.01968978143091471,3.3889541907124365e-05,6.858154250379276e-05,5.115890134563288e-05,0.0012547722502448439,0.000617666588339886,6.69870425372975e-05
caben,0.019607942540710077,1.93534081193696e-05,0.0,7.12636375652135e-05,6.392855236088484e-05,5.3569699069003844e-05,3.995716549556833e-05
persona,0.019523907358579784,0.00040669695883875396,0.0005112687916507058,0.0003848806666207145,0.0003587934067099682,0.0005689738417183586,0.00041735958196289743
mundo,0.01932955800004743,0.0008303766173638703,0.0003623525021213909,0.000829924041124707,0.0005937042818629822,0.0008577953218061808,0.0009521002420911726
supuesto,0.0193175967474013,0.0002519310531834217,0.00038552300500514715,0.00040762115789594707,0.0004851877668076072,0.0006175393511443556,0.000597330113015707
pretende,0.019302410531627068,0.0002444617444287209,0.0004772627493267559,0.00034738049432690065,0.0001910310930045291,0.0003574152241097302,0.0005415129758195628
varios,0.01914071901981318,0.00048689677567171973,0.00020804387642559772,0.001089201016218471,0.0003901379246603709,0.0005203839601242828,0.000594308458227553
benefician,0.01907295673805498,2.780927526414001e-05,4.562054006485351e-05,1.4308898828177778e-05,0.00013987035446451137,2.991773408528833e-05,4.8824741792852755e-05
juicio,0.01907089181322741,0.00013453533278843561,0.0010495457974969335,0.0001225103872545152,0.00017806989543532454,0.00020677731975791196,0.000149245697233312
ejecución,0.01900465319525413,0.00013467841345273245,0.0006584998009448988,0.00026787902963622306,0.00030181550794469405,0.00013609683049034372,0.00017573458924491895
duda,0.018971881865438966,0.0002508235472041427,0.0003316948476282862,0.0004033796165102339,0.0008143981571522849,0.0005847718186459049,0.00039098029742673236
incluso,0.018914534886866452,0.0010050743197906895,0.0010672169906563917,0.00046782643438557164,0.0006969807303417435,0.0007356845164327355,0.0005302082285860242
vulnerabilidad,0.01887932773253853,0.00014824060450415656,0.00014798341885895053,7.85727174026735e-05,0.0001032553737002916,0.00022364583964960255,4.7253918040675004e-05
votaremos,0.018796467497085967,0.00044455454706030076,0.0009910018829964843,8.121910867080981e-05,0.0005114313508716932,0.000678880201022132,0.00015833880063574753
11,0.018753608563408797,0.00011574457688753901,0.00020432296870012478,0.00025092805958445774,0.0001915753725708458,0.0001897556195525306,0.00013633672529140645
coste,0.01874252508528107,0.0002664264561067264,0.0003471005512296995,0.000257986620299471,0.00019898997700828198,0.00016306505316285088,0.00022655183980911057
lamentablemente,0.018707582306572323,6.993356404475511e-05,3.2228051023025124e-05,0.00023521579764205317,0.00012185816290681163,0.0001332030424708675,0.00015886481201972478
refería,0.01865663257036765,4.8482517749068825e-05,0.00014084861219396425,5.34656909200658e-05,6.014459589645771e-05,8.043591657785101e-05,3.74525375178738e-05
ministro,0.018655226621012044,0.0017776267749022106,0.0019812605434854193,0.0030282131811557324,0.001122475530755529,0.0006398956405351405,0.002144000907413272
pp,0.01864703837988113,0.0009472756881429994,0.00024866736812471555,0.0003598155756767966,0.0009150511209312458,0.0007556727495168685,0.0005635537194276158
garantizar,0.018624128463272882,0.0006071503760158531,0.0005282002021064089,0.0004070370865214662,0.0006557107838687361,0.0008655537099443009,0.00031901206644570037
seguras,0.018348611959393857,4.388948582294956e-05,3.314711336293565e-05,2.61147816472228e-05,7.153684557852127e-05,6.315584668496988e-05,5.444532881045684e-05
29,0.01833476123018052,4.6305697149694565e-05,0.00022082002036015854,0.00011339244240789979,0.00010561567704361442,6.393785627557748e-05,7.28224268407322e-05
gran,0.018334251921604316,0.0008295338632703489,0.0004845966032949422,0.0005553924288374832,0.000782809724619341,0.0005772944831766738,0.000564789990674581
pnl,0.018296442567158344,0.0009431333541886613,0.0009039802846725735,0.0002847686754918806,0.00013395290394549336,0.0004214586328513969,0.00016758064363790626
policial,0.01827999258263313,0.00039474055252148536,0.0002049310024921477,6.896936509540169e-05,0.00010806968767658001,7.056267842709045e-05,7.948889842875227e-05
luz,0.018224110566088747,0.0002667427147891984,0.00038648350669944707,0.0009487553776199455,0.0002478358627995967,0.0005011451308389547,0.0005091799609220942
podem,0.018137284229386985,2.690259396080872e-05,1.2473778871400686e-05,7.929760341325654e-06,0.00019214076252036454,0.0007377359077906482,0.00012802557204977735
respeto,0.018118391295612213,0.0005130173212956035,0.0003684960968707493,0.000672769523449635,0.0008584865647571981,0.0006452230795377362,0.0006696605904860369
señor,0.018100519542573856,0.0042941139262921745,0.0031347770766468126,0.00648418981988381,0.005157428147635128,0.003994682352439917,0.006426601636305995
parte,0.018094025001303304,0.0013217065503298207,0.002160414604094744,0.0008086569004381147,0.0012100647618153145,0.0011049065244861734,0.0009720930706527569
acabando,0.018049830533783062,0.00017653897819361097,0.00017191565194536802,0.0001368759659857145,0.0005928627459353057,0.00017332361128834136,9.537886981423359e-05
humanos,0.018032829147935026,0.0010623592563521857,0.0005724568651072222,0.00021141899819190305,0.0003609134237606918,0.0006983779135807023,0.00019032256846662125
bloqueo,0.01798789582932958,5.9803915565813455e-05,0.0001185388300981665,3.403976946146924e-05,0.00024261929771304323,0.00013810464973361007,3.6874472027983865e-05
gamarra,0.017935690213077393,7.398656687552285e-05,3.929643259388263e-06,6.803326878802045e-05,0.0011594496382454286,0.0005067805214992915,5.537591101912438e-05
acabo,0.01790746740488114,0.0028774554729984448,0.0016362096469068029,0.00182823222422442,0.0010410288432173584,0.0022073200562042886,0.0007428704618531204
2008,0.01784875487105886,0.00012038464519048271,0.00010717818093520837,0.00010102997887854286,0.00010254432098301599,0.00046568515099609694,8.530284258337139e-05
formaciones,0.01781439554546127,4.5090565862267095e-05,0.0001329426881805832,5.182312390149414e-05,0.0001283564866298995,2.4285015053957442e-05,4.6885164015365514e-05
chantaje,0.017810410959429923,6.812001741296149e-05,3.6701477656905206e-05,8.12256326748476e-05,3.492019883983557e-05,5.400593486439531e-05,0.0001521882645192988
negociación,0.017789541332969616,0.0007349006551488598,0.0004244847001580512,0.0002441848985692951,0.00016786577375191728,0.0002516926044176458,0.00010496232034399218
actuar,0.017782285747000692,0.0002052735254845487,0.00022571437618266847,0.0001599296686181644,0.00017931633754377424,0.00015337725640722323,0.0001410003522759171
compromisos,0.01777285340319068,8.663127147744587e-05,0.000338350780236733,0.00012104239764542867,0.00023156967954794216,0.00015848878470078097,5.711691851272934e-05
línea,0.01773763657333749,0.0002900461669226507,0.0004687550177680915,0.0002492384163448979,0.0004171010813631572,0.00025186532390332613,0.00018168134231300715
meses,0.017725814937354478,0.0005650075869447922,0.0004566440178001413,0.0009049470036494176,0.0006135748161231304,0.0005430242386955625,0.0004960523245872341
presidente,0.017642378897883226,0.0033979200970269126,0.004386204644339644,0.003726828986218608,0.00208830017923984,0.001976940135961435,0.00537603588508273
crisis,0.017615330466384194,0.0010259146439105327,0.00078157635311302,0.0012855635206773103,0.0012613042312616836,0.0016615695597662077,0.0006178527725240277
millones,0.01759992700238211,0.0009411765403482216,0.0003762027319112866,0.0020028112220719205,0.0018544615618327376,0.0012659708566431652,0.0016923360699214632
cuestiones,0.017568750573436986,0.00026354300801602256,0.0011443230403010171,0.0002600352530189316,0.0006880332333033059,0.0005469788348747022,0.0003090292131116623
psoe,0.017543575955686563,0.0014172732646671354,0.00015420964717543375,0.000773806518869551,0.00023301675862363318,0.00011580642066880115,0.0006854521334654334
punto,0.01753531263435848,0.0009090259815859984,0.0010034061758614635,0.0003912056284208726,0.0005516458120573554,0.0004538360027263633,0.0003893199982570304
personas,0.017529165688966675,0.0028875013491354777,0.0018647605036050759,0.001068262403162326,0.0011112252421397039,0.0023161885693885375,0.001009033849960011
decirle,0.017482609853940456,0.00010528259962553661,0.00019976373759191297,0.0001715780625284765,0.0006725662872039369,0.00034152666690638795,0.00016853121796552028
señalado,0.01743898613913686,5.746133120699548e-05,0.0006208782772899867,4.231909106065051e-05,8.683093976264748e-05,5.5811615476367915e-05,4.680597151107451e-05
quieren,0.017410387481378464,0.0005889693159703036,0.0004159428621654846,0.0010412878824499455,0.0008031002586166323,0.0007559690790738072,0.0013596650058939775
unidas,0.017407085478489126,0.001186024309910677,9.204185751768275e-05,0.0002782358440423881,0.0005670570889357656,0.0014442158347044382,0.00022060812012941554
prosperidad,0.017402283460393075,8.46613559555064e-06,0.0,6.0161206670227876e-05,6.556855399536063e-05,2.641184957868107e-05,0.00022110953378923903
iniciativa,0.01739157139760028,0.0006634107572763036,0.002096219655563531,0.000629640228259983,0.00042492830577279736,0.0006001556404540118,0.0006351796749461561
simplemente,0.017265558611532228,0.0007287359637484808,0.0011407141984135676,0.0004649635244999424,0.0005024457625498622,0.00044814068028492955,0.00048311728550039245
puede,0.01721860628307237,0.0013828674545492297,0.0019538944947310624,0.0014857160271674916,0.00120814937930173,0.0016071997507130327,0.0013767610236498809
distintos,0.017206781440121333,0.0003858649522834427,0.0007162235940723348,9.187550488898123e-05,0.0003004843292772726,0.0001625321660049858,0.00019306160424132566
socios,0.017191634891062346,6.163718270772236e-05,0.00014157366416159682,0.001059805573207545,0.00024617282783347057,0.00022942572799172932,0.0004315313437176782
reducir,0.017121945456552545,0.00018168244794284404,0.00036714588635193936,0.00035470762981172594,0.00027282326665021726,0.00021539090277001796,0.0003610857170693976
seguros,0.01710203260542764,9.049926270314417e-05,0.00010043860498973763,0.0001468197439010579,0.00011148455637029352,7.098433227227286e-05,7.359484117407228e-05
barcelona,0.017087169584327988,0.0005201195746903493,9.716126909558135e-05,0.000201228458104654,9.386348029734736e-05,0.000324877169268555,0.00015016413503626997
cerrar,0.01702245397811586,8.717465921183857e-05,9.714279417553215e-05,0.00021908697199842083,0.00012712988389110733,0.00011939452469952241,0.0001886259458036333
ultraderecha,0.017019161014758755,0.0005335576447311054,4.1486888125896246e-05,3.08087866221379e-05,0.0009165394629418175,0.000714686547980134,0.0003930754246655419
asociación,0.016939398125155325,0.00013268794316132203,9.304790393478747e-05,9.490119721544081e-05,5.063292778799235e-05,9.992646838801802e-05,0.00011529826129553552
vamos,0.016898871523109094,0.0016340973668415896,0.001972436228362827,0.0015640583249681235,0.0014103601240995545,0.0017777898363626823,0.0010823662794926094
según,0.01684999792537223,0.0006150124627474486,0.0005634664184666596,0.00043367580909568575,0.0003764040940157044,0.00039238895248351705,0.0006137161077188812
marcha,0.016842326558547782,7.879071571998962e-05,0.0002657379569752692,0.00036065849774976873,0.0006401398755928883,0.00028939541247523226,0.00011870286098503507
plano,0.016813290671030767,1.962481725042905e-05,0.00018616886863079933,3.3070944830259665e-05,5.5214595796478095e-05,3.437034994719414e-05,5.5239477386835565e-05
propone,0.016803902557782635,0.0002165802243853446,0.0004439291596614813,0.00019390784562313345,0.00010575317586173742,0.00019370253804895174,0.00020938635293083353
condiciones,0.016714991295234682,0.000541951705706013,0.000614760034007662,0.00023620514229799865,0.0003360576512277004,0.0006890602421286329,0.00027779103920663793
confrontación,0.01671205973472656,3.896742516670453e-05,6.194938219358804e-05,6.0021032697844825e-05,0.00030092764317669825,7.95876694459884e-05,3.448763529695858e-05
campos,0.016707209422158975,9.020368680192336e-05,2.7763943157532022e-05,2.9302697248598114e-05,2.172430628909814e-05,4.25316505031226e-05,7.790095357495324e-05
aprobamos,0.01669393749545023,4.7859014248852366e-05,6.685362060447427e-05,5.453403040064091e-05,0.00020763695319053996,9.705641295877731e-05,9.593876032128777e-06
16,0.016693539766345467,4.6644184637587726e-05,0.00018285786642987137,0.00015687421899228027,0.00016004581495484662,0.000118856130207699,0.00023595911169461473
ciudadanos,0.016656185835782544,0.0008006698533869588,0.00061496594371945,0.0015751967995902376,0.0017871450207194233,0.0007825936170903077,0.0007018545783047739
presupuestario,0.016655427522004107,3.4113410146013313e-06,8.639253232955314e-05,9.867305431314549e-05,0.00014241812226479977,9.477392072242228e-05,6.213707752614173e-05
garcía,0.01660612421435248,7.728539485217857e-05,6.987574376756585e-05,0.00014112094983500032,0.0004533989567844715,0.0017827069075883736,0.00034303592590465216
extraordinarios,0.016605428991752103,6.731881094633873e-05,0.00010057376280883662,2.887014337982654e-05,0.00011596151559657131,0.00010309907529569166,3.071479693038827e-05
todas,0.016593323955663042,0.001439330046624729,0.0015746806093707546,0.0008653034317115044,0.0014641646504612333,0.00208891099550285,0.000927279061739938
última,0.016591113360121756,0.00044698523003317654,0.00023795205239630823,0.0005307424574779017,0.0003314031795739107,0.0003249683210795693,0.00041987819253915546
inversión,0.016581830646001272,0.00042513833843162906,0.000196273918555119,0.00022219180414565068,0.0005455032570849777,0.0003675951778795429,0.00021346000401913456
independentistas,0.016437559882477526,0.0006775051082699497,4.617730948420748e-05,0.0004992049676416376,0.00011449354445686447,0.000337919694776066,0.00024437682714698267
superar,0.01642184500345012,9.657699158470203e-05,0.0001458894665911633,6.269655851900651e-05,0.00015128525494499402,0.00010264377847120502,6.390169381241689e-05
egea,0.016360087863227513,6.416304228747584e-05,0.0,2.3104130263479966e-05,0.000247348042738377,0.0019250001546478063,3.324451557790308e-05
violencias,0.016326114020756677,9.157202182244893e-05,2.5585550260804183e-05,1.2771912552823254e-05,1.4286615473632929e-05,0.0006306349057576145,2.8570001928189087e-06
territorial,0.016279420096939834,0.00038226056026659493,0.0003137951141827345,0.00016651038233759117,0.0004424270912650251,0.00023293822312653385,0.00014161086042943565
manifiesta,0.01624057855997263,3.2706592465216754e-05,0.00011628618903351886,4.633587819979848e-05,5.39740181358141e-05,1.9545411987184206e-05,3.55598239404301e-05
hablamos,0.016189076188682705,0.000432953029461239,0.00015530741774689294,0.00029098117538427226,0.0003403611278962093,0.0005479086873596276,0.00021841316716212763
cada,0.0161713871510778,0.00101078766489782,0.0010930133685234438,0.0008902605205085644,0.001195306318981042,0.0008373907285444797,0.001196027309947313
debe,0.016054116008589858,0.0011897986773910171,0.0011136361925049426,0.0006323906698895916,0.0004890050815327564,0.0006766744964645038,0.0006453422234914393
concretas,0.016043020131406127,0.00011161200072335467,0.0003986497678635029,0.00011061412164327149,0.0001253086362686704,6.673803298220433e-05,0.00010903327717607254
garantías,0.01603700214331294,0.0002850561268413305,0.0002332651961292205,0.00025779843428115547,0.0002121785234669516,0.00016626514021540905,5.0457243062704446e-05
mirada,0.016018351515805218,9.05080924404612e-05,1.9153965503908527e-05,3.22880348195557e-05,0.00011327685744366643,6.073142263971934e-05,5.213895319601155e-05
limpieza,0.016006215229634968,1.9697074897190065e-05,3.486216457671792e-05,0.00012816770287055787,4.82552788893699e-05,5.833722479469701e-05,8.229931241045859e-05
objeto,0.015969769588084937,9.796554537384994e-05,0.0006253709783126699,0.0001374082346587762,0.00016481281963598004,0.00012205648596750444,0.00023107366714123685
fabricación,0.015942247779318297,2.9224338677892063e-05,3.745390696112585e-05,2.3132588874025163e-05,2.8567008569498958e-05,2.5568587646591984e-05,0.00012883033630695543
existente,0.015940182237466072,4.9553665936806246e-05,0.0002903107904811452,2.5005438244088936e-05,3.5316732098742786e-05,7.96966481976439e-05,4.4792642761146283e-05
consejero,0.015926169720167138,1.288012455061825e-05,8.34696989340982e-05,8.086278699174899e-05,7.666898660291614e-05,4.56775595143541e-05,0.00011519250887466566
estatal,0.015897825320120074,0.00023804027899518784,0.0004265641190981483,9.951921708562204e-05,0.00015156503477767262,0.0002413245890529905,9.180373711653681e-05
pudieran,0.015889003598446916,6.199235784047085e-05,0.0002907268339679035,6.0918940931978385e-05,7.475422533661987e-05,7.856954850057768e-05,4.227235825728111e-05
social,0.015855522697322932,0.0011726480922884138,0.0012010563866888683,0.0009744655597951871,0.0014236091110671999,0.00199271246575812,0.0007024848013660529
instrumentos,0.015795266798323215,7.13261915999914e-05,0.0002529987564472458,0.00016729611610637445,0.00014286345097458197,9.635153704571343e-05,5.766076447649001e-05
paliar,0.015789626403464485,0.00022656127022223187,0.00028710307624770913,9.074379679825099e-05,0.00012969439647910516,7.868532211402486e-05,6.739992350829902e-05
necesitamos,0.015778103642242858,0.00023381002230654402,0.00023983469284248775,0.00024294784840226834,0.0002988626517812049,0.0005670864436801151,0.00021616136622708125
rural,0.015766024496489894,0.00032818212284683817,0.0002625087234343974,0.0005278662353479037,0.00022578186673831216,0.0001505504833670972,0.00039164319255184524
prolongados,0.015753455365092872,6.868303330398227e-05,9.03741608003456e-06,0.0010391689576889375,0.0005777718053302347,0.0002537772430032872,0.00197234475982093
enormes,0.015747544745093656,0.00014956097585811442,1.4898261441176432e-05,2.1813860190433957e-05,5.609631966466832e-05,9.144870738324597e-05,3.1335062231149064e-05
enfrente,0.015742863353040093,0.00012479949971985836,2.6414706412020708e-05,8.448713582946748e-05,5.2714449455770064e-05,0.0001381389419510792,0.00016866187157760267
firme,0.01573451101793033,9.950168901970808e-05,0.0002456535947742752,0.00012498310024219742,0.00024342367175240394,8.384500776314814e-05,0.00015265584549031488
vasca,0.015718693431899133,2.1067828566318424e-05,0.0005375482749511586,3.524758809290076e-05,4.57151950082201e-05,8.25065318646618e-05,8.973887972001153e-05
pequeña,0.015702741966843625,0.00010068183453401423,0.0001429440614054705,5.934030016136172e-05,0.00012924215149413287,0.00018825235504336377,9.478812408592746e-05
rentas,0.015701173522203682,0.000224916207107605,0.00010889999340918602,0.0001689710178659187,0.00013905486973630286,0.00019450997595096413,0.00012775978137047732
reivindicaciones,0.015687869565800927,0.00015635928925641752,9.502705696851841e-05,3.496612367082573e-05,5.817935746450558e-05,5.452234234556722e-05,0.0002293195027027856
productiva,0.015682968431060207,7.628055574193482e-05,6.729377923032166e-05,3.9439185562778074e-05,2.9578153711778153e-05,0.00011483687819407213,4.764794387451517e-05
compañeros,0.01563653187128855,0.00045727827765603687,5.3736810582215866e-05,0.00040433570468866514,0.00026867244875921167,0.000379818969619802,0.0003538509112687442
abuso,0.015548272927060403,0.00018104654067173826,9.296659308943422e-05,5.95450322225789e-05,8.363692792231028e-05,9.927333038767618e-05,0.00016222558671078396
compañeras,0.015526439119181834,0.0004244827139131854,4.7273693902660036e-05,6.740677963908822e-05,8.717439749632985e-05,0.00041914134832729376,2.045511179803041e-05
bolsillo,0.015520175707234962,5.9353581903312854e-05,2.4267414878570896e-06,0.0002486842417547221,5.99258337498947e-05,3.6381429617481845e-05,0.00013558583625754243
aquella,0.015507291011530366,0.00019042046445601812,0.0005806393327709697,0.0001750052581411512,9.643191697534141e-05,0.0001890169162804817,0.0001452020987442543
generation,0.015499942191679494,0.00010656970745782013,9.579068367989745e-05,3.115064856908035e-05,3.213427122284535e-05,1.9656567859224178e-05,2.298571763164074e-05
castellano,0.015469671247844818,0.0003887175417562923,0.0002812581416866878,0.0002895987870554505,8.533007697963656e-05,0.000163890544600232,8.093639707044838e-05
denuncia,0.015446077009931614,0.00013759316131545834,0.0001848335147959646,6.767141956416864e-05,5.132669466297223e-05,0.00014262994100974015,9.468459587650823e-05
volvemos,0.015418019080117418,0.00014967079075272659,0.000256806292367054,6.300397444559424e-05,4.619270266564398e-05,9.660947382903845e-05,5.887059412872246e-05
cuales,0.01533482414362286,0.00018899891184555982,0.00010440954996111924,9.495099173315995e-05,0.000184850382435069,0.0002170547460718423,0.00017404864787148576
problema,0.015313404812911546,0.0007866943728765933,0.0010934170265542826,0.0009614368204738509,0.0008369917087319696,0.0012225526021646122,0.0006865894633391961
débil,0.015297213124204845,2.505436326350024e-05,6.866076813640393e-05,0.0001143778181705396,4.289669578507683e-05,9.586077031630123e-05,0.00011578772604461686
reserva,0.015261090291634805,4.020042319045024e-05,0.00016776510194814416,5.6823108034355694e-05,4.944728900350809e-05,9.018859836739293e-05,0.00011060462985383792
moción,0.015219308722743463,0.0009319459706315359,0.0018094542335265406,0.0007783906970020695,0.0005819849767809745,0.0007045145532747313,0.0006285600688624043
islas,0.015209978729315399,0.0001960971648347042,7.800013116863945e-05,0.00010310846708715905,9.526507550130312e-05,9.861482570144556e-05,6.926648790479874e-05
caso,0.01520108961681288,0.0012583520637222138,0.0021306692441637027,0.0008295772367318938,0.0010582528646454383,0.0009852750846507175,0.0007709972033671144
confederal,0.015196528671325815,3.594399485438971e-05,1.922230233699917e-05,1.4480243288028541e-05,0.00022456754210006515,0.000811136973481751,0.00015931104805989572
reformas,0.015179546474928696,0.00030328406850787815,0.0003820003019984648,0.0004725428417585548,0.00021751169633233835,0.000196789721859391,0.0001306341469340132
gabinete,0.01515173942068948,0.0,4.7957528926774146e-05,0.0001354858483562737,2.0962713791670508e-06,1.6257647576630767e-05,0.00011583881085376981
cuestión,0.015147297621017852,0.00047910354427232104,0.0015969153552032045,0.00031508421423180583,0.0007845583477548868,0.0006449460241476243,0.0007270364492738544
cuyos,0.015135842829598012,5.0653752645023445e-05,0.0001332433634571764,4.1576573712712716e-05,4.234702723064562e-05,4.745347924513685e-05,9.330558224271765e-05
combatir,0.015128764112052995,0.00017425229571914092,7.656841214509422e-05,0.00010917168261426054,0.00023235804705021193,0.0001873005101247673,0.0002795681640836012
persecución,0.0151142250822347,0.00043052235172684803,9.260128734694907e-05,3.963378071658529e-05,4.7227135875356736e-05,0.00020019430532696207,6.863577246495933e-05
tarde,0.015111359921021528,0.0006148612867392201,0.00021541499122894878,0.0006109299001320513,0.0003116148727789045,0.00037421768933242674,0.0007702888582879216
nación,0.015106777989407405,9.07346499646282e-05,5.1944148890124435e-05,0.0004151832336860718,0.00021250806579057118,0.00013481918333848537,0.0011169435739733368
previo,0.015050614281054475,8.682251998072996e-05,0.00019195117257807392,0.00011771017482223217,6.413829306384591e-05,5.171476161738145e-05,0.00012503200186831162
confusión,0.015026639597778058,3.222414474165658e-05,6.937890624293036e-05,5.599118629256126e-05,4.638609585305882e-05,5.855598185808346e-05,4.016614308940525e-05
digo,0.01502649852599669,0.001095184981502058,0.0004304222668104081,0.0007800535012039009,0.0011220986571481143,0.0010316255223922902,0.000583534826004079
renovación,0.015017387932063642,0.00020554030425597324,0.00033175722632590015,6.12540293930691e-05,0.00040017785047933386,0.0002919731214566278,8.97746394480748e-05
dijo,0.01501691929537774,0.00022109826204875515,0.0005029707880348355,0.0010274678090223378,0.00045646163889535656,0.0004003916594444396,0.0008014378915125015
presunción,0.015012754319192023,3.781678822044965e-05,5.095502378636294e-05,3.5062289151538844e-05,4.519920575175692e-05,3.5485245641918566e-05,0.00015371688144787148
pequeño,0.014992577203830848,9.515709623227819e-05,0.0002677100366304639,8.372486669498001e-05,0.00013211961311630256,0.00012418702121298023,0.00014043970436243954
modificaciones,0.014972501830752272,8.021577417550893e-05,0.0003460029385646115,5.431432808277958e-05,0.00011695648601752105,0.00013651400879439353,3.726281785174893e-05
sino,0.014959496931029825,0.0016070523621592564,0.0016937091715580825,0.0009276897712285416,0.0009914315903576142,0.0013107869764463456,0.0009525880094445538
dependientes,0.014952251423105967,5.765543590990378e-05,6.037340802707899e-05,5.642800626868335e-05,6.963032688278847e-05,5.952573368479888e-05,0.00010648062010658229
gastos,0.014937627578756274,0.00012499364139353518,0.00018273012145256177,0.00020414188119024693,0.00014462187151896043,0.00010066273211801296,0.0002708839249235494
reconozca,0.014931805029898548,0.00011353517339780863,4.5090284682389184e-05,5.511291230706979e-05,4.919228172850215e-05,0.000124789986071852,2.0134391630987633e-05
tribuna,0.014897311396198543,0.0002060485098642356,0.00024070954473281203,0.0004179833609816524,0.0007343608285216185,0.0004203211275111644,0.0005985525581580275
operadores,0.014818602228789945,3.0420945733791813e-05,0.0001486048191948491,5.314422271975232e-05,3.0429299322265012e-05,8.863268133526615e-05,1.2863082413683473e-05
pandemia,0.014817981049119577,0.0005854543136768809,0.0006007863798556675,0.0010049909757283665,0.0014839614085442167,0.0009750768437876879,0.0003541188761488146
consecuencias,0.014793558317322653,0.0002926377172454109,0.00047762566926624493,0.0004144575804826925,0.0003822356967871338,0.00036006307772189347,0.00034899972700129273
garantizado,0.014791989223691626,0.00010481232975299821,3.532122246092126e-05,4.3379037220935934e-05,5.1445564676076744e-05,8.044663631505977e-05,2.6721106154693448e-05
buenos,0.01479036526806432,0.002738891611846588,0.002017748137951735,0.0005264145677886407,0.0003969964033484269,0.0006671272619432219,0.0008997905411858196
inmediatamente,0.014782731394731297,0.0013928861605131387,0.0001619519829175209,0.00018289814870048535,8.096855632979789e-05,4.868566333140985e-05,0.00010798816740580064
prevista,0.014771002219275964,7.066861133676666e-06,5.711949361808422e-05,3.7197673515906014e-05,5.223338971247009e-05,6.333487001704186e-05,3.706285299446253e-05
aprobar,0.014768794857202838,0.0007522451543290363,0.0002485288051786481,0.00039905236381470254,0.00029660603209078477,0.00022997292710317927,0.00015962539109737838
solución,0.014709615972796186,0.0004824969347226939,0.0007859818076781094,0.00039658992884788053,0.00034083646499670213,0.00021571487259192145,0.0002785629753237941
consideramos,0.01470788882981866,0.00030158476070772243,0.0016409304430884178,0.00010998422991191162,0.00010318333305426439,0.00014714207364992718,0.00011885061693573155
expresamente,0.014704496319325688,4.3939868367007296e-05,0.00013192993649511705,5.867213834475936e-05,4.574025487445765e-05,7.005773705261243e-05,0.00010335633884281071
jurisdicción,0.014675596414346792,2.846283947713152e-05,0.00014316345327905852,6.650973091818502e-05,3.159834352993139e-05,3.693301826766363e-05,7.650399992179168e-05
apertura,0.014670487829333112,1.4333362306264393e-05,5.5682010300175656e-05,3.266876827101154e-05,5.0061843712149266e-05,3.0448473218493143e-05,5.099611811281336e-05
dos,0.014624449769886194,0.0013528996323047206,0.0010142017805772124,0.0015279497796221973,0.0012550235112718194,0.001161773791657759,0.0015179430445083856
perjuicio,0.014622090853153136,2.5093465655368514e-05,0.0005861473996641963,3.0977651801035425e-05,4.2039286368411205e-05,4.9489393187286264e-05,4.425846590360635e-05
diciendo,0.014586236626803917,0.0003912939905795368,0.00033351097439639866,0.0005099960719416935,0.0004060451154531634,0.00046317319310444307,0.0005234325476433482
bon,0.014585297536767516,0.0011246965188872605,0.0,0.0,5.490294135939418e-05,9.282791280550479e-05,0.0
contenido,0.01458277318180512,0.0001313822849535183,0.0009541398843871911,0.00018881465099680416,0.00017112826785902212,0.00023124493639503543,0.00016327495476019762
red,0.014570021591220783,0.00018582960817632594,0.0002855907344773817,0.00011301439064681066,0.0002208971959596636,0.0001506330264294398,6.865831732662227e-05
cataluña,0.014554899630173423,0.002948550246732202,0.000337684485966645,0.0008142185262582681,0.0009601979947567397,0.0004353359993444457,0.0006637391358283003
colaboración,0.01454869439883888,0.00011680801643948269,0.0003501353739149211,0.00018802919513308472,0.00022369236873998548,0.00013054605612069158,7.029759202509603e-05
institucionales,0.01453077498008426,0.00011032033617006581,0.00011284482122975486,2.9260474099183734e-05,5.157063404903648e-05,4.879011132176575e-05,1.5421381674113684e-05
pasado,0.014520611175153686,0.0006654601429321964,0.0007292463539669197,0.0010107746906708628,0.0008030325816481591,0.0007478629001504268,0.0006928772261959003
corrupción,0.014513691917654281,0.0004931510222155242,0.00011820862049160358,0.0005474637830837336,0.0005816464303537415,0.0008394599063426084,0.00032721843624394987
aceptan,0.014501893825216161,5.526323127754143e-05,5.781738519764036e-05,0.0001524679718867295,8.737764672652868e-05,5.240976707911658e-05,7.226890325870833e-05
imagino,0.014494586854665314,1.874242563575201e-05,1.950774947944102e-05,6.662023150560598e-05,0.00019955346648056402,3.825137946442578e-05,0.00010932751726965161
entendemos,0.014480895336446142,0.0003143952375974998,0.0017710311824419766,0.00019311759957233726,0.0001308141895573396,0.0004481145121899592,0.0001766961082147541
orden,0.014458157573618013,0.00023780726174624464,0.0006132388041689713,0.00035725053809396287,0.0003247348755886592,0.00021716914847409548,0.0007064487562882814
quiero,0.014445740591231715,0.000948678375471611,0.001083959443825776,0.0005367241900737413,0.0013842557557835384,0.0013164250189166326,0.0007609392273298924
implementación,0.01443429594427137,0.00020489829666634493,0.000141384594842446,4.850812438500891e-05,4.5386327244734195e-05,9.00515995685495e-05,8.52075950170359e-06
sindicato,0.014427854265400164,5.85010028618804e-05,1.0189740334938487e-05,5.969093441833627e-05,2.45405373144448e-05,7.856354308626906e-05,6.726911733760728e-05
urgente,0.01441671902597852,0.000320622860147171,0.0005452477258783824,0.0004781583622191778,0.00013240881004289304,0.00016192492930129106,0.0003297943353938505
ley,0.014364718523010467,0.0037032540373362326,0.004984612822218612,0.0028648255419219826,0.0027041781962955443,0.0029637795154264885,0.0023854822288381984
avance,0.014341616800775725,0.00014688360561429536,0.0002404963673273333,5.52091847434656e-05,0.00027678680170555096,0.00018588111230721145,3.249653735049866e-05
favorable,0.014337772088548473,0.0001450780206357639,0.00035013135720729396,0.00012876334877760825,0.00010512439125753432,6.157719497830891e-05,0.00016658807059061374
autónomas,0.014324466765863964,0.0007419891382094646,0.0019462638163446845,0.0007130669178713931,0.0010565454355265548,0.0006991526918910864,0.00043443190388655885
hizo,0.01431879772746969,0.00045713562914587543,0.00038543262361678436,0.0005308199617008052,0.0005480386888668537,0.00044180314895901455,0.0004757250340302613
cuidar,0.01431695883226869,6.0435570129846226e-05,3.116286436871035e-05,3.964905283951628e-05,5.372284955786372e-05,0.00015168540614311066,9.590033238871987e-05
quepa,0.014280264250660757,1.0664938291438581e-05,3.525054810605002e-05,3.239844667669476e-05,9.515552851734361e-05,4.467600251554178e-05,8.163672700283958e-05
alza,0.014248578448464944,9.416224847210369e-05,8.862328875612877e-05,4.5443365093147776e-05,8.535387525102115e-05,4.874338163122872e-05,5.5832227388592605e-05
lleguen,0.014248421420525847,0.0001314197602466108,0.00011614750214938763,0.00010935323618297671,0.0001418320785896815,7.624140280027018e-05,4.3360110662563475e-05
miedo,0.014246826722691175,0.0002835670092769776,0.00020648876981040152,0.0002626835167641413,0.0003101823304106536,0.0004336065564036853,0.0004335914498946338
bloque,0.014224044814562742,7.067846576326787e-05,0.00010491845705482606,7.4645826542079e-05,5.1872265537477735e-05,0.00011371507722986887,0.00014540285395151938
sucede,0.014219568673080385,7.378466502849601e-05,0.00023513837226139516,6.408305794561557e-05,6.30476220037085e-05,8.127242868175079e-05,0.00014413698755168185
