Nombre y apellidos,Grupo,Grupo,Lista,Lista,Circunscripción,Alta,Baja,Sustituto/a
"Alonso-Cuevillas Sayrol, Jaume",,Plural,,JxCAT,Barcelona,3 de diciembre de 2019,4 de marzo de 2021,"Pagès i Massó, Josep"
"Arangüena Fernández, Pablo",,Socialista,,PSdeG-PSOE,A Coruña,3 de diciembre de 2019,13 de marzo de 2020,"Taibo Monelos, Diego"
"Borràs Castanyer, Laura",,Plural,,JxCAT,Barcelona,3 de diciembre de 2019,4 de marzo de 2021,"Calvo Gómez, Pilar"
"Campo Moreno, Juan Carlos",,Socialista,,PSOE,Cádiz,3 de diciembre de 2019,21 de febrero de 2020,"Ortega Domínguez, José Ramón"
"Cancela Rodríguez, Pilar",,Socialista,,PSdeG-PSOE,A Coruña,3 de diciembre de 2019,21 de julio de 2021,"González Laso, Natividad"
"Celaá Diéguez, Isabel",,Socialista,,PSE-EE-PSOE,Álava,3 de diciembre de 2019,21 de febrero de 2020,"Senderos Oraá, Daniel"
"Corredor Sierra, María Beatriz",,Socialista,,PSOE,Madrid,3 de diciembre de 2019,13 de enero de 2020,"Leal Fernández, Isaura"
"de Quinto Romero, Marcos",,Ciudadanos,,Ciudadanos,Madrid,3 de diciembre de 2019,20 de mayo de 2020,"Gutiérrez Vivas, Miguel Ángel"
"Delgado García, Dolores",,Socialista,,PSOE,Madrid,3 de diciembre de 2019,15 de enero de 2020,"Anguita Pérez, Omar"
"Duque Duque, Pedro",,Socialista,,PSOE,Alicante,3 de diciembre de 2019,21 de febrero de 2020,"Azorín Salar, Lázaro"
"Fernández-Roca Suárez, Carlos Hugo",,Vox,,Vox,Almería,3 de diciembre de 2019,12 de noviembre de 2020,"Jara Moreno, Mercedes"
"Franco Pardo, José Manuel",,Socialista,,PSOE,Madrid,3 de diciembre de 2019,11 de febrero de 2020,"José Vélez, Rafael"
"García Tejerina, Isabel",,Popular,,PP,Madrid,3 de diciembre de 2019,15 de julio de 2020,"Elorriaga Pisarik, Gabriel"
"Garriga Vaz de Concicao, Ignacio",,Vox,,Vox,Barcelona,3 de diciembre de 2019,11 de marzo de 2021,"Segura Just, Juan Carlos"
"Grande-Marlaska Gómez, Fernando",,Socialista,,PSOE,Cádiz,3 de diciembre de 2019,21 de febrero de 2020,"Araujo Morales, Gemma"
"Guirao Cabrera, José",,Socialista,,PSOE,Almería,3 de diciembre de 2019,29 de enero de 2020,"Gutiérrez Salinas, Indalecio"
"Iglesias Turrión, Pablo",,"Confederal de Unidas Podemos-
En Comú Podem-Galicia en Común",,Unidas Podemos,Madrid,3 de diciembre de 2019,26 de marzo de 2021,"Pérez Merino, María Mercedes"
"Illueca Ballester, Héctor",,"Confederal de Unidas Podemos-
En Comú Podem-Galicia en Común",,Unidas Podemos,Valencia,3 de diciembre de 2019,21 de enero de 2020,"Medel Pérez, Rosa María"
"Izquierdo Roncero, José Javier",,Socialista,,PSOE,Valladolid,3 de diciembre de 2019,11 de febrero de 2020,"del Valle de Íscar, Julio"
"Jiménez-Becerril Barrio, María Teresa",,Popular,,PP,Sevilla,3 de diciembre de 2019,30 de noviembre de 2021,"Tarno Blanco, Ricardo"
"Máñez Rodríguez, Elena",,Socialista,,PSOE,Las Palmas,3 de diciembre de 2019,22 de enero de 2020,"Fuentes Curbelo, Juan Bernardo"
"Maroto Illera, Reyes",,Socialista,,PSOE,Madrid,3 de diciembre de 2019,21 de febrero de 2020,"Navalpotro Gómez, Julio"
"Márquez Guerrero, María",,"Confederal de Unidas Podemos-
En Comú Podem-Galicia en Común",,Unidas Podemos,Sevilla,3 de diciembre de 2019,8 de junio de 2021,"Bustamante Martín, Miguel Ángel"
"Marrodán Funes, María",,Socialista,,PSOE,La Rioja,3 de diciembre de 2019,11 de febrero de 2020,"Pedraja Sáinz, Raquel"
"Martín Llaguno, Marta",,Ciudadanos,,Ciudadanos,Alicante,3 de diciembre de 2019,26 de marzo de 2021,"López-Bas Valero, Juan Ignacio"
"Montilla Martos, José Antonio",,Socialista,,PSOE,Granada,3 de diciembre de 2019,21 de febrero de 2020,"Oria López, María Inmaculada"
"Nuet Pujals, Joan Josep",,Republicano,,ERC-S,Barcelona,3 de diciembre de 2019,4 de mayo de 2021,"Álvarez i García, Gerard"
"Ortega Otero, Marina",,Socialista,,PSdeG-PSOE,Orense,3 de diciembre de 2019,13 de marzo de 2020,"Tizón Vázquez, Uxía"
"Planas Puchades, Luis",,Socialista,,PSOE,Córdoba,3 de diciembre de 2019,21 de febrero de 2020,"Hurtado Zurera, Antonio"
"Polo Llavata, Francisco",,Socialista,,PSC,Barcelona,3 de diciembre de 2019,27 de enero de 2020,"Guerra López, Sonia"
"Ramallo Vázquez, María Pilar",,Popular,,PP,Pontevedra,3 de diciembre de 2019,31 de enero de 2021,"Constenla Carbón, Juan Manuel"
"Ribera Rodríguez, Teresa",,Socialista,,PSOE,Madrid,3 de diciembre de 2019,21 de febrero de 2020,"López Somoza, Gema"
"Robles Fernández, Margarita",,Socialista,,PSOE,Ávila,3 de diciembre de 2019,21 de febrero de 2020,"Arribas Maroto, Manuel"
"Rosell Aguilar, María Victoria",,"Confederal de Unidas Podemos-
En Comú Podem-Galicia en Común",,Unidas Podemos,Las Palmas,3 de diciembre de 2019,29 de enero de 2020,"Pita Cárdenes, María del Carmen"
"Salazar Rodríguez, Francisco José",,Socialista,,PSOE,Sevilla,3 de diciembre de 2019,21 de enero de 2020,"Losada Fernández, José"
"Saura García, Pedro",,Socialista,,PSOE,Murcia,3 de diciembre de 2019,21 de febrero de 2020,"Baños Ruiz, Carmen"
"Vera Ruíz-Herrera, Noelia",,"Confederal de Unidas Podemos-
En Comú Podem-Galicia en Común",,Unidas Podemos,Cádiz,3 de diciembre de 2019,5 de octubre de 2021,"Delgado Ramos, Juan Antonio"
"Rodríguez Rodríguez, Alberto",,"Confederal de Unidas Podemos-
En Comú Podem-Galicia en Común",,Unidas Podemos,Santa Cruz de Tenerife,3 de diciembre de 2019,22 de octubre de 2021​,"Vacante (Mesa Mederos, Patricia​)"
"González Ramos, Manuel Gabriel",,Socialista,,PSOE,Albacete,3 de diciembre de 2019,28 de marzo de 2022​,"Díaz Rodríguez, José Carlos"
"Casado Blanco, Pablo",,Popular,,PP,Madrid,3 de diciembre de 2019,4 de abril de 2022​,"Manglano Albacar, Percival"
"Montesinos Aguayo, Pablo",,Popular,,PP,Málaga,3 de diciembre de 2019,21 de abril de 2022​,"González Muñoz, Ángel Luis"
